,id,name,email,address
0,1,Adam Costa,monica09@example.com,"52579 Stephens Rapids Apt. 636
Stephanieborough, AZ 99766"
1,2,Leslie Taylor,victoria98@example.org,"00903 Ibarra Hill
Clineport, MT 10888"
2,3,Kevin Hernandez,randy20@example.org,"7010 Jessica Harbors
New Tarabury, NY 98160"
3,4,Tanner Reynolds,qwhite@example.org,"408 Kimberly Points Apt. 309
Staceyville, NE 56202"
4,5,Toni Franklin,andremoreno@example.org,"PSC 0990, Box 2048
APO AA 11639"
5,6,Leah White,howard82@example.com,"511 Sally Flat Suite 146
Sheliaburgh, NH 09833"
6,7,Alexandra Jackson,daviskatie@example.org,"955 Lawson Estates
Reillyfurt, MI 85898"
7,8,Jose Bush,tferguson@example.org,"8093 Haas Locks
Bryantmouth, NY 91593"
8,9,Ana Bullock,paulaholloway@example.net,"2717 Hernandez Radial
East Lindsey, NY 53624"
9,10,Ricky Mendoza,kristophergregory@example.org,"157 Rodgers Fort
Port James, ID 05760"
10,11,Alexis Smith,dkidd@example.org,"6210 Wright Lodge
Ronaldport, HI 83801"
11,12,James Hill,christinahoward@example.com,"35395 Paul Crescent Suite 629
West Davidport, OK 21641"
12,13,Sierra Anthony,hmiller@example.org,"45754 Ronald Manor
Loweport, MT 88546"
13,14,Bernard Ramirez,briannahendricks@example.net,"Unit 6718 Box 1414
DPO AP 33213"
14,15,Corey Miller,daniel38@example.net,"024 Matthews Well
Victorburgh, UT 95098"
15,16,Stephen Irwin,danielbryan@example.org,"23911 Tyler Roads Apt. 606
Frostshire, TN 75298"
16,17,Cassandra Gonzales,mgarcia@example.net,"9147 Michael Mountain Apt. 214
West Andreaport, IL 09085"
17,18,Kara Blackwell,nathan43@example.org,"424 Michael Cove
Garzaborough, NC 44753"
18,19,Linda Brown,ewilliams@example.com,"0696 Hernandez Meadow Apt. 109
Jasonfurt, AZ 33134"
19,20,Stephanie Lara,istein@example.net,"03071 Lisa Streets
West Kyle, CO 39795"
20,21,Alex Rodriguez,maldonadojessica@example.org,"6713 Cole Prairie Suite 632
New Brittneyview, CA 74283"
21,22,Rebekah Taylor,kayla35@example.com,"0700 Pena Shoal
Huertaland, WA 00938"
22,23,Timothy Barnes,crystal88@example.net,"Unit 6813 Box 3775
DPO AE 52166"
23,24,Breanna Hancock,thomastom@example.com,"4356 Jessica Key Apt. 876
Jasonburgh, NJ 83819"
24,25,Adriana Morris,georgeandrew@example.com,"0632 Harrison Highway Apt. 379
Crystalport, HI 15104"
25,26,Lori Hunter,morrisjoseph@example.com,"519 Robert Manors
Lake Deborah, FL 50833"
26,27,Benjamin Vargas,alyssamiller@example.com,"423 Maria Overpass
South Mirandaside, SC 30408"
27,28,Bryan Smith,daybrendan@example.com,"68844 Ellis Isle Suite 873
West Billyshire, OR 93499"
28,29,Joseph Johnson,zachary28@example.org,"89550 Bridget Circles
Weissfurt, LA 78908"
29,30,Patrick Thomas,sarahcruz@example.com,"4464 Williams Ways Suite 259
Lake Rebeccaport, AL 30867"
30,31,Anthony Cobb,frederickwerner@example.org,"7599 Wanda Drive Apt. 774
Graceton, OK 31976"
31,32,John Smith,fjones@example.com,"8934 John Overpass
West Valerie, MO 82680"
32,33,Erica Jefferson,garyhurley@example.com,"Unit 1834 Box 6129
DPO AA 41536"
33,34,Heather Thomas,ujohnson@example.org,"8095 Curry Ford Suite 591
New Marioport, MI 21394"
34,35,Scott Fitzgerald,thompsonkristen@example.net,"61814 Garcia Inlet Suite 013
North Christian, NJ 12394"
35,36,Larry Smith,velliott@example.com,"110 Bernard Squares
West Leeton, AZ 34384"
36,37,Randy Williams,jaimecox@example.com,"1436 Jennifer Circle
West Nicole, ND 56076"
37,38,Kaitlyn Flores,sandersmark@example.org,"076 Stanley Lock
Angelaview, LA 81805"
38,39,Frank Harris,christopher69@example.net,"128 Bennett Rest
Coopermouth, NE 35681"
39,40,Steven Smith,meltonzachary@example.com,"108 Beard Isle Suite 665
New Davidhaven, WY 50899"
40,41,Randy Rodriguez,jonesrobert@example.net,"13022 Mitchell Fort Suite 482
Andersonside, SD 16925"
41,42,Jill Kim,gpearson@example.com,"47624 Simmons Mission
Cindystad, NH 81448"
42,43,Jeffrey Hancock,jessica40@example.com,"84855 Amy Mountains
Brownview, ME 06296"
43,44,Kyle Cline,mprice@example.com,"24104 Heather Trace Apt. 203
Andrewsstad, CA 12526"
44,45,Tina Johnson,katherine15@example.net,"23984 Carter Dale Apt. 149
East Austinchester, CT 19251"
45,46,Hailey Gonzalez,hartmanchristopher@example.org,"1127 Young Harbor Suite 576
Yumouth, OH 21361"
46,47,Michelle Tapia,caitlyn24@example.com,"USCGC Ramos
FPO AP 77805"
47,48,Jason Harrell,dayjennifer@example.org,"93176 Chase Wells
South Vincent, KY 04214"
48,49,Victoria Hickman,zfrye@example.org,"1122 Hopkins Ridges
East Crystal, KY 72641"
49,50,Mrs. Sandra Jones,stevenserik@example.org,"6656 Stewart Lodge Suite 152
Lake Sheila, FL 81682"
50,51,Rose Garza,allensean@example.org,"17631 Jason Springs
Nathanielberg, MI 15279"
51,52,Richard Hernandez,dakotaperez@example.net,"346 Sara Junctions Suite 267
West Connor, CT 71764"
52,53,Alexis Clayton MD,ihebert@example.com,"50215 Michael Place Apt. 234
North Connor, MT 85846"
53,54,Darryl Frye,tylerlane@example.com,"0659 Moody Groves
Alvarezchester, NY 52900"
54,55,Jeff Moreno,scole@example.org,"USNS Rodgers
FPO AE 01272"
55,56,Ricky Ramos,hdavis@example.net,"1480 Williamson View
Michaelchester, NY 96796"
56,57,Melissa Williams,kking@example.net,"56471 Erin Junctions Suite 909
New Meganland, AL 30162"
57,58,Mrs. Cynthia Freeman,igonzalez@example.com,"25579 Pena Mission Apt. 740
West Laceymouth, WY 74524"
58,59,Kimberly Fry,lmills@example.net,"7578 Kristi Causeway Apt. 756
Mckinneyhaven, MO 12669"
59,60,Rachel Boyle,teresadiaz@example.net,"6530 Wesley Meadow Apt. 854
Port Eric, CA 56445"
60,61,Matthew Brock,erik28@example.com,"00250 David Bridge Apt. 598
West Sethmouth, OH 97552"
61,62,Robert Gordon,peter87@example.com,"71340 Richard Crossing Apt. 645
Lake Joshua, NJ 26337"
62,63,Carmen Rodgers,brian86@example.net,"44404 Julia Pass Suite 033
Wilsonland, ND 09997"
63,64,Anthony Tanner,amandayang@example.net,"434 Pittman Forks Suite 210
New Casey, CA 21036"
64,65,Jennifer Brooks,zhall@example.net,"2527 Mccarty Grove Suite 156
Timothymouth, WV 17899"
65,66,Stephanie Calhoun,ufernandez@example.com,"6583 Regina Keys
North Joshua, OR 04993"
66,67,James Velazquez,victoriameyer@example.com,"636 Keith Key Apt. 267
New Michael, WI 59532"
67,68,Richard Morris,adam94@example.org,"39279 Alexandra Course
Kimland, MS 06086"
68,69,Kimberly White,perezsara@example.com,"4947 Tucker Isle
Sarahmouth, IL 71802"
69,70,Brenda Sullivan,patrick19@example.com,"83019 Matthew Hills Apt. 262
Valeriemouth, ME 13174"
70,71,Elizabeth Jones,christina60@example.com,"5809 Lauren Causeway Suite 174
Gregoryton, NH 34282"
71,72,Troy Moody,rogernunez@example.net,"1310 John Street Apt. 954
Melissaside, OR 40805"
72,73,Rachel Moore,michaelmorgan@example.net,"816 William Isle Suite 860
Georgeborough, AR 40227"
73,74,Kevin Johnston,eallison@example.org,"61185 Timothy Causeway
Michaelport, HI 69667"
74,75,Debbie Castillo,michael86@example.com,"644 Keller Rapids Apt. 986
Lake Stanley, DC 14633"
75,76,Angelica Wilcox,cody72@example.net,"59410 Patton Mission
Murrayburgh, SD 21745"
76,77,Curtis Chan,jeffreylambert@example.com,"33847 Jones Overpass
Jacquelinestad, MI 65280"
77,78,Katie Costa,lopezmegan@example.com,"5526 Mcclure Courts
Madisonbury, FL 40175"
78,79,Debra Brown,ericramos@example.com,"493 Laura Causeway
Kimberlyberg, KY 89293"
79,80,Scott Coleman,vernon25@example.org,"244 Samantha Villages
Carolynfort, MN 56225"
80,81,Jared Reyes,qgardner@example.net,"7017 Thomas Branch Apt. 484
West Michael, HI 41444"
81,82,Steven Parker,downszachary@example.com,"0059 Caroline Mountains
New James, NM 64724"
82,83,Andrea Fisher,christina20@example.com,"742 Kevin Spring Suite 141
South Cindymouth, RI 59097"
83,84,David Dodson,garnerwilliam@example.org,"85793 Jennifer Land Suite 276
New Alfredmouth, AZ 29456"
84,85,Mr. Craig Simmons PhD,millerrebecca@example.org,"17801 Carr Circles Apt. 539
South Michael, WI 36116"
85,86,Cynthia Mcmillan,crodriguez@example.org,"5409 Tracy Plains Suite 488
Lake Corey, WY 11370"
86,87,Todd Burton,rodneysmith@example.org,"981 Byrd Rue Apt. 900
Woodmouth, AK 01148"
87,88,Kimberly Watson,knixon@example.com,"9879 Samantha Isle Apt. 172
North Davidton, CO 67243"
88,89,Patrick Ross,aaronyoung@example.org,"080 John Parks Suite 670
Bettyburgh, PA 51442"
89,90,Joseph Johnson,jason92@example.org,"578 Christensen Valley Suite 534
Douglasbury, MS 57490"
90,91,Michelle Cruz,walkerkevin@example.org,"08646 Jonathan Key Apt. 081
Robinsonside, MA 36705"
91,92,Stephanie Harmon,brianrhodes@example.org,"607 Cox Forks Suite 168
Ryanshire, AZ 35192"
92,93,Brian Atkins,kirbydiane@example.org,"8291 Ashlee Avenue Suite 055
Gravestown, SD 32727"
93,94,Aaron Vance,sherriserrano@example.com,"2773 Jessica Brook Suite 054
Lake Jamieton, MI 57653"
94,95,Dr. Kara Rodriguez MD,mcmahonjohn@example.net,"019 Chapman Lane
North Deborah, AL 26898"
95,96,Gregory Smith,ttaylor@example.net,"6678 Dunlap Skyway Suite 865
North Susanborough, LA 24257"
96,97,Kyle Myers,dennis30@example.net,"3306 John Summit Suite 462
New Juan, WY 45798"
97,98,Alexandra Zamora,gturner@example.net,"819 Hill Center
South Thomas, VA 02659"
98,99,Jacqueline Acevedo,parkermark@example.net,"USS Taylor
FPO AP 89927"
99,100,Scott Vargas,novakjessica@example.net,"038 Livingston Lodge Suite 838
North Jessicaview, WA 37702"
